{
  "timestamp": "2026-03-10T15:48:49.230487",
  "total_examples": 1319,
  "returned_examples": 1319,
  "total_forward_passes": 303491,
  "avg_forward_passes": 230.09173616376043,
  "total_time_seconds": 52244.87636303902,
  "tokens_generated": 337664,
  "tokens_per_second": 6.4631026716120745,
  "avg_nfe": 230.09173616376043
}
