{
  "timestamp": "2026-03-09T13:58:46.405778",
  "total_examples": 30,
  "returned_examples": 30,
  "total_forward_passes": 750,
  "avg_forward_passes": 25.0,
  "total_time_seconds": 256.7991211414337,
  "tokens_generated": 15360,
  "tokens_per_second": 59.81328881394568,
  "avg_nfe": 25.0
}
