{
  "timestamp": "2026-03-09T13:54:03.459333",
  "total_examples": 30,
  "returned_examples": 30,
  "total_forward_passes": 780,
  "avg_forward_passes": 26.0,
  "total_time_seconds": 267.54834938049316,
  "tokens_generated": 15360,
  "tokens_per_second": 57.4101841239761,
  "avg_nfe": 26.0
}
