{
  "timestamp": "2026-03-08T21:25:52.426661",
  "total_examples": 200,
  "returned_examples": 200,
  "total_forward_passes": 45843,
  "avg_forward_passes": 229.215,
  "total_time_seconds": 8007.927885532379,
  "tokens_generated": 51200,
  "tokens_per_second": 6.393663970488683,
  "avg_nfe": 229.215
}
