{
  "timestamp": "2026-03-08T23:40:02.074975",
  "total_examples": 200,
  "returned_examples": 200,
  "total_forward_passes": 45843,
  "avg_forward_passes": 229.215,
  "total_time_seconds": 8002.425958871841,
  "tokens_generated": 51200,
  "tokens_per_second": 6.398059821251758,
  "avg_nfe": 229.215
}
