{
  "timestamp": "2026-03-08T10:10:05.565874",
  "total_examples": 200,
  "returned_examples": 200,
  "total_forward_passes": 45843,
  "avg_forward_passes": 229.215,
  "total_time_seconds": 8075.70839381218,
  "tokens_generated": 51200,
  "tokens_per_second": 6.340001087611186,
  "avg_nfe": 229.215
}
