{
  "timestamp": "2026-03-09T12:45:32.977281",
  "total_examples": 30,
  "returned_examples": 30,
  "total_forward_passes": 6984,
  "avg_forward_passes": 232.8,
  "total_time_seconds": 2405.820675611496,
  "tokens_generated": 15360,
  "tokens_per_second": 6.384515752029563,
  "avg_nfe": 232.8
}
