{
  "timestamp": "2026-03-08T07:55:11.572446",
  "total_examples": 200,
  "returned_examples": 200,
  "total_forward_passes": 45843,
  "avg_forward_passes": 229.215,
  "total_time_seconds": 8240.53828215599,
  "tokens_generated": 51200,
  "tokens_per_second": 6.213186353477437,
  "avg_nfe": 229.215
}
