{
  "timestamp": "2026-03-09T04:14:38.052093",
  "total_examples": 200,
  "returned_examples": 200,
  "total_forward_passes": 45843,
  "avg_forward_passes": 229.215,
  "total_time_seconds": 8262.172210216522,
  "tokens_generated": 51200,
  "tokens_per_second": 6.196917553556806,
  "avg_nfe": 229.215
}
