{
  "timestamp": "2026-03-09T14:47:16.706902",
  "total_examples": 200,
  "returned_examples": 200,
  "total_forward_passes": 41144,
  "avg_forward_passes": 205.72,
  "total_time_seconds": 7047.391080379486,
  "tokens_generated": 51200,
  "tokens_per_second": 7.265099866891876,
  "avg_nfe": 205.72
}
