{
  "timestamp": "2026-03-09T16:35:40.346630",
  "total_examples": 200,
  "returned_examples": 200,
  "total_forward_passes": 37836,
  "avg_forward_passes": 189.18,
  "total_time_seconds": 6485.622171163559,
  "tokens_generated": 51200,
  "tokens_per_second": 7.894385249212632,
  "avg_nfe": 189.18
}
