{
  "timestamp": "2026-03-09T11:22:40.173205",
  "total_examples": 30,
  "returned_examples": 30,
  "total_forward_passes": 7550,
  "avg_forward_passes": 251.66666666666666,
  "total_time_seconds": 2611.787430047989,
  "tokens_generated": 15360,
  "tokens_per_second": 5.881029912039119,
  "avg_nfe": 251.66666666666666
}
