{
  "timestamp": "2026-03-09T20:32:57.266562",
  "total_examples": 200,
  "returned_examples": 200,
  "total_forward_passes": 4600,
  "avg_forward_passes": 23.0,
  "total_time_seconds": 787.0413982868195,
  "tokens_generated": 51200,
  "tokens_per_second": 65.05375716124823,
  "avg_nfe": 23.0
}
