{
  "timestamp": "2026-03-07T20:26:04.599193",
  "total_examples": 200,
  "returned_examples": 200,
  "total_forward_passes": 45843,
  "avg_forward_passes": 229.215,
  "total_time_seconds": 8260.150755405426,
  "tokens_generated": 51200,
  "tokens_per_second": 6.198434086265898,
  "avg_nfe": 229.215
}
