{
  "timestamp": "2026-03-07T18:08:06.167481",
  "total_examples": 200,
  "returned_examples": 200,
  "total_forward_passes": 45843,
  "avg_forward_passes": 229.215,
  "total_time_seconds": 8252.295475959778,
  "tokens_generated": 51200,
  "tokens_per_second": 6.204334315119178,
  "avg_nfe": 229.215
}
