{
  "timestamp": "2026-03-08T05:37:32.665576",
  "total_examples": 200,
  "returned_examples": 200,
  "total_forward_passes": 45843,
  "avg_forward_passes": 229.215,
  "total_time_seconds": 8238.902281045914,
  "tokens_generated": 51200,
  "tokens_per_second": 6.214420107614172,
  "avg_nfe": 229.215
}
