{
  "timestamp": "2026-03-07T13:32:24.507222",
  "total_examples": 200,
  "returned_examples": 200,
  "total_forward_passes": 45843,
  "avg_forward_passes": 229.215,
  "total_time_seconds": 8268.600075006485,
  "tokens_generated": 51200,
  "tokens_per_second": 6.192100178452499,
  "avg_nfe": 229.215
}
